{
    "prefill_smbu": 0.010946564987370072,
    "prefill_smfu": 0.11800597910788374,
    "decoding_smbu": 0.09467192942352166,
    "decoding_smfu": 0.0035046384102674502,
    "kv_size": 5.9166719999999895,
    "decoding_throughput": 841.0144876388233,
    "prefill_tp": 28506.67965460956,
    "ttft": 0.48188457250012107,
    "tpot": 0.0011959532206375911,
    "exact_match": 0.0,
    "correct": 0,
    "total": 8,
    "no_answer": 8,
    "model_name": "Corianas/Tiny-moe-rand",
    "method": "sglang",
    "precision": "bfloat16",
    "e2e_s": 11.88,
    "batch_size": null,
    "gpu_type": "1xG",
    "dataset": "gsm8k",
    "ignore_eos": true,
    "model_type": "thinking"
}